Dataset,NSF_Mean,RF_Mean,CART_Mean,NSF_vs_RF_p,NSF_vs_CART_p
BreastCancer,0.9243595714951095,0.9683900015525542,0.9191585157584227,0.125,1.0
Wine,0.7042065047021944,0.8123922413793103,0.7535775862068965,0.0625,0.125
Heart,0.7740740740740741,0.8148148148148147,0.7481481481481481,0.375,1.0
HAR,0.9230976013429085,0.9720364773172008,0.935818924258642,0.0625,0.3125
MNIST,0.8474285714285715,0.9127428571428572,0.7922857142857143,0.0625,0.0625
Fashion-MNIST,0.7873428571428571,0.8276571428571428,0.755742857142857,0.0625,0.0625
