Budget,BranchyNet_Proxy,ACT_Proxy
5,0.815,0.7865093026803963
10,0.83,0.8299828217459896
20,0.86,0.8763604787283306
30,0.8899999999999999,0.904293829412223
40,0.9199999999999999,0.924346328813417
50,0.95,0.94
